Title,Date,Rating,Review
My favorite gadget,2024-03-27,5,Easy to set up and sync with my other devices. Very happy with the purchase.
Disappointing experience,2024-03-03,2,Overheats quickly and apps crash often. Needs serious improvement.
Waste of money,2024-01-18,2,Touchscreen stopped working after a week. Poor build quality.
Game-changer in tech,2024-01-18,4,Really innovative! The gesture controls and AI features make it stand out from competitors.
Highly recommended,2024-01-19,4,Easy to set up and sync with my other devices. Very happy with the purchase.
Amazing device!,2024-01-20,5,Build quality is premium. Feels solid in hand and works flawlessly.
Highly recommended,2024-03-24,5,This is hands down the best gadget I’ve used this year. The UI is smooth and intuitive.
Amazing device!,2024-03-27,4,"Exceeded my expectations. Fast performance, sleek design, and battery life lasts all day."
Absolutely love it,2024-02-25,5,This is hands down the best gadget I’ve used this year. The UI is smooth and intuitive.
Terrible performance,2024-02-29,2,Touchscreen stopped working after a week. Poor build quality.
Expected more,2024-02-11,3,"Decent value for money, though nothing special."
Terrible performance,2024-01-13,1,Battery died in just 2 hours. Totally useless for travel.
My favorite gadget,2024-01-26,4,Really innovative! The gesture controls and AI features make it stand out from competitors.
Absolutely love it,2024-02-07,5,Really innovative! The gesture controls and AI features make it stand out from competitors.
Absolutely love it,2024-03-12,5,Build quality is premium. Feels solid in hand and works flawlessly.
Disappointing experience,2024-03-03,2,Buggy software and poor customer support. I regret buying this.
Waste of money,2024-01-08,1,Buggy software and poor customer support. I regret buying this.
Game-changer in tech,2024-02-11,4,Build quality is premium. Feels solid in hand and works flawlessly.
Not impressed,2024-01-10,3,Performance is okay but not groundbreaking. It gets the job done.
Game-changer in tech,2024-02-19,5,Build quality is premium. Feels solid in hand and works flawlessly.
Decent but not great,2024-02-18,3,Performance is okay but not groundbreaking. It gets the job done.
Amazing device!,2024-03-27,5,Build quality is premium. Feels solid in hand and works flawlessly.
Highly recommended,2024-03-17,5,This is hands down the best gadget I’ve used this year. The UI is smooth and intuitive.
Amazing device!,2024-01-31,5,Really innovative! The gesture controls and AI features make it stand out from competitors.
Highly recommended,2024-02-11,4,Build quality is premium. Feels solid in hand and works flawlessly.
Regret buying,2024-03-25,2,Buggy software and poor customer support. I regret buying this.
Absolutely love it,2024-01-22,5,This is hands down the best gadget I’ve used this year. The UI is smooth and intuitive.
Highly recommended,2024-02-10,5,"Exceeded my expectations. Fast performance, sleek design, and battery life lasts all day."
Amazing device!,2024-01-15,4,Build quality is premium. Feels solid in hand and works flawlessly.
Mediocre device,2024-03-05,3,Performance is okay but not groundbreaking. It gets the job done.
Game-changer in tech,2024-01-11,5,This is hands down the best gadget I’ve used this year. The UI is smooth and intuitive.
Game-changer in tech,2024-03-05,5,Really innovative! The gesture controls and AI features make it stand out from competitors.
Highly recommended,2024-03-13,5,Build quality is premium. Feels solid in hand and works flawlessly.
Amazing device!,2024-01-25,4,"Exceeded my expectations. Fast performance, sleek design, and battery life lasts all day."
Not impressed,2024-03-05,3,"Decent value for money, though nothing special."
Amazing device!,2024-03-11,4,This is hands down the best gadget I’ve used this year. The UI is smooth and intuitive.
It's okay,2024-01-11,3,"Design is nice, but the software feels a bit clunky."
Absolutely love it,2024-02-09,4,Really innovative! The gesture controls and AI features make it stand out from competitors.
Game-changer in tech,2024-01-03,5,This is hands down the best gadget I’ve used this year. The UI is smooth and intuitive.
Poor quality,2024-03-25,1,Overheats quickly and apps crash often. Needs serious improvement.
Absolutely love it,2024-01-22,5,Build quality is premium. Feels solid in hand and works flawlessly.
Amazing device!,2024-01-26,4,"Exceeded my expectations. Fast performance, sleek design, and battery life lasts all day."
Disappointing experience,2024-01-23,1,Looks nice but functionality is disappointing. Not worth the price.
Absolutely love it,2024-02-11,4,This is hands down the best gadget I’ve used this year. The UI is smooth and intuitive.
Waste of money,2024-02-01,2,Battery died in just 2 hours. Totally useless for travel.
Expected more,2024-01-02,3,"Decent value for money, though nothing special."
My favorite gadget,2024-01-18,5,Really innovative! The gesture controls and AI features make it stand out from competitors.
Highly recommended,2024-03-20,4,"Exceeded my expectations. Fast performance, sleek design, and battery life lasts all day."
My favorite gadget,2024-02-29,4,"Exceeded my expectations. Fast performance, sleek design, and battery life lasts all day."
Highly recommended,2024-01-29,4,"Exceeded my expectations. Fast performance, sleek design, and battery life lasts all day."
Highly recommended,2024-01-23,5,This is hands down the best gadget I’ve used this year. The UI is smooth and intuitive.
Absolutely love it,2024-02-09,5,This is hands down the best gadget I’ve used this year. The UI is smooth and intuitive.
Disappointing experience,2024-03-17,2,Battery died in just 2 hours. Totally useless for travel.
Poor quality,2024-02-25,1,Overheats quickly and apps crash often. Needs serious improvement.
Highly recommended,2024-02-01,5,Easy to set up and sync with my other devices. Very happy with the purchase.
Absolutely love it,2024-03-20,5,Really innovative! The gesture controls and AI features make it stand out from competitors.
Poor quality,2024-02-22,2,Overheats quickly and apps crash often. Needs serious improvement.
My favorite gadget,2024-03-24,5,Really innovative! The gesture controls and AI features make it stand out from competitors.
Decent but not great,2024-02-17,3,"Decent value for money, though nothing special."
It's okay,2024-01-10,3,Performance is okay but not groundbreaking. It gets the job done.
Terrible performance,2024-02-26,2,Buggy software and poor customer support. I regret buying this.
Highly recommended,2024-03-14,4,This is hands down the best gadget I’ve used this year. The UI is smooth and intuitive.
Amazing device!,2024-02-16,4,Build quality is premium. Feels solid in hand and works flawlessly.
Terrible performance,2024-02-16,2,Looks nice but functionality is disappointing. Not worth the price.
Game-changer in tech,2024-01-13,5,Build quality is premium. Feels solid in hand and works flawlessly.
My favorite gadget,2024-03-15,5,Build quality is premium. Feels solid in hand and works flawlessly.
Poor quality,2024-01-31,1,Overheats quickly and apps crash often. Needs serious improvement.
Highly recommended,2024-03-07,5,Really innovative! The gesture controls and AI features make it stand out from competitors.
Decent but not great,2024-01-26,3,"Not bad, but I expected more based on the reviews."
Decent but not great,2024-02-29,3,"Not bad, but I expected more based on the reviews."
Amazing device!,2024-02-16,5,Build quality is premium. Feels solid in hand and works flawlessly.
Absolutely love it,2024-03-15,5,"Exceeded my expectations. Fast performance, sleek design, and battery life lasts all day."
Terrible performance,2024-02-18,2,Looks nice but functionality is disappointing. Not worth the price.
Disappointing experience,2024-02-05,2,Overheats quickly and apps crash often. Needs serious improvement.
Regret buying,2024-03-08,2,Battery died in just 2 hours. Totally useless for travel.
Amazing device!,2024-01-20,4,Build quality is premium. Feels solid in hand and works flawlessly.
Amazing device!,2024-02-03,4,Easy to set up and sync with my other devices. Very happy with the purchase.
Amazing device!,2024-02-20,5,This is hands down the best gadget I’ve used this year. The UI is smooth and intuitive.
Disappointing experience,2024-02-28,2,Looks nice but functionality is disappointing. Not worth the price.
It's okay,2024-03-29,3,"Decent value for money, though nothing special."
Mediocre device,2024-01-01,3,"Not bad, but I expected more based on the reviews."
Poor quality,2024-01-15,1,Overheats quickly and apps crash often. Needs serious improvement.
Amazing device!,2024-02-17,5,This is hands down the best gadget I’ve used this year. The UI is smooth and intuitive.
Amazing device!,2024-03-23,5,"Exceeded my expectations. Fast performance, sleek design, and battery life lasts all day."
Amazing device!,2024-02-08,5,Easy to set up and sync with my other devices. Very happy with the purchase.
Poor quality,2024-01-28,2,Buggy software and poor customer support. I regret buying this.
Amazing device!,2024-02-29,4,Build quality is premium. Feels solid in hand and works flawlessly.
Amazing device!,2024-01-20,4,This is hands down the best gadget I’ve used this year. The UI is smooth and intuitive.
My favorite gadget,2024-02-05,4,Really innovative! The gesture controls and AI features make it stand out from competitors.
Poor quality,2024-02-01,2,Buggy software and poor customer support. I regret buying this.
Decent but not great,2024-02-02,3,"Not bad, but I expected more based on the reviews."
Highly recommended,2024-01-17,5,Easy to set up and sync with my other devices. Very happy with the purchase.
My favorite gadget,2024-03-09,5,Build quality is premium. Feels solid in hand and works flawlessly.
Poor quality,2024-03-31,1,Battery died in just 2 hours. Totally useless for travel.
Expected more,2024-02-21,3,Performance is okay but not groundbreaking. It gets the job done.
Waste of money,2024-01-08,1,Overheats quickly and apps crash often. Needs serious improvement.
Waste of money,2024-02-19,2,Looks nice but functionality is disappointing. Not worth the price.
Poor quality,2024-03-22,2,Looks nice but functionality is disappointing. Not worth the price.
Decent but not great,2024-02-04,3,"Not bad, but I expected more based on the reviews."
Poor quality,2024-01-09,2,Battery died in just 2 hours. Totally useless for travel.
Terrible performance,2024-03-28,2,Buggy software and poor customer support. I regret buying this.
Amazing device!,2024-01-14,5,Really innovative! The gesture controls and AI features make it stand out from competitors.
Expected more,2024-02-14,3,"Some features work well, others feel half-baked."
Terrible performance,2024-03-30,1,Battery died in just 2 hours. Totally useless for travel.
My favorite gadget,2024-02-03,5,This is hands down the best gadget I’ve used this year. The UI is smooth and intuitive.
Game-changer in tech,2024-01-03,5,Easy to set up and sync with my other devices. Very happy with the purchase.
Amazing device!,2024-03-14,4,"Exceeded my expectations. Fast performance, sleek design, and battery life lasts all day."
Decent but not great,2024-02-23,3,"Design is nice, but the software feels a bit clunky."
Regret buying,2024-03-28,1,Battery died in just 2 hours. Totally useless for travel.
Game-changer in tech,2024-03-09,5,Build quality is premium. Feels solid in hand and works flawlessly.
Amazing device!,2024-02-04,5,Easy to set up and sync with my other devices. Very happy with the purchase.
Not impressed,2024-01-15,3,Performance is okay but not groundbreaking. It gets the job done.
Amazing device!,2024-03-13,5,Build quality is premium. Feels solid in hand and works flawlessly.
Terrible performance,2024-03-22,1,Overheats quickly and apps crash often. Needs serious improvement.
Disappointing experience,2024-02-26,2,Overheats quickly and apps crash often. Needs serious improvement.
Highly recommended,2024-03-10,5,Really innovative! The gesture controls and AI features make it stand out from competitors.
My favorite gadget,2024-02-11,5,This is hands down the best gadget I’ve used this year. The UI is smooth and intuitive.
Decent but not great,2024-01-15,3,"Decent value for money, though nothing special."
Game-changer in tech,2024-03-15,4,"Exceeded my expectations. Fast performance, sleek design, and battery life lasts all day."
Amazing device!,2024-01-03,5,"Exceeded my expectations. Fast performance, sleek design, and battery life lasts all day."
Regret buying,2024-03-03,1,Looks nice but functionality is disappointing. Not worth the price.
Highly recommended,2024-01-16,5,Really innovative! The gesture controls and AI features make it stand out from competitors.
Absolutely love it,2024-03-18,5,Build quality is premium. Feels solid in hand and works flawlessly.
Absolutely love it,2024-01-06,5,"Exceeded my expectations. Fast performance, sleek design, and battery life lasts all day."
Highly recommended,2024-03-09,5,Easy to set up and sync with my other devices. Very happy with the purchase.
My favorite gadget,2024-03-14,5,This is hands down the best gadget I’ve used this year. The UI is smooth and intuitive.
Amazing device!,2024-03-02,4,Really innovative! The gesture controls and AI features make it stand out from competitors.
